Name1,Right Ascension1,Declination1,Apparent Magnitude1,Constellation1,Name2,Right Ascension2,Declination2,Apparent Magnitude2,Constellation2,linestyle,color,width,alpha
-,10h51m18.5133s, -6.6621790˚00'00",0,CRT,-,11h37m22.1517s, -6.6916924˚00'00",0,CRT,:,grey,1,0.5
-,10h51m13.8993s,-11.6621428˚00'00",0,CRT,-,10h51m18.5133s, -6.6621790˚00'00",0,CRT,:,grey,1,0.5
-,10h51m06.1297s,-19.6620827˚00'00",0,CRT,-,10h51m13.8993s,-11.6621428˚00'00",0,CRT,:,grey,1,0.5
-,10h56m07.3407s,-19.6666222˚00'00",0,CRT,-,10h51m06.1297s,-19.6620827˚00'00",0,CRT,:,grey,1,0.5
-,10h56m01.9399s,-25.1665821˚00'00",0,CRT,-,10h56m07.3407s,-19.6666222˚00'00",0,CRT,:,grey,1,0.5
-,11h56m21.9145s,-25.1957951˚00'00",0,CRT,-,10h56m01.9399s,-25.1665821˚00'00",0,CRT,:,grey,1,0.5
-,11h56m23.2224s,-11.6957970˚00'00",0,CRT,-,11h56m21.9145s,-25.1957951˚00'00",0,CRT,:,grey,1,0.5
-,11h56m23.6655s, -6.6957974˚00'00",0,CRT,-,11h56m23.2224s,-11.6957970˚00'00",0,CRT,:,grey,1,0.5
-,11h37m22.1517s, -6.6916924˚00'00",0,CRT,-,11h56m23.6655s, -6.6957974˚00'00",0,CRT,:,grey,1,0.5
