Name1,Right Ascension1,Declination1,Apparent Magnitude1,Constellation1,Name2,Right Ascension2,Declination2,Apparent Magnitude2,Constellation2,linestyle,color,width,alpha
-,21h27m42.7327s,-36.4592972˚00'00",0,GRU,-,23h06m54.6033s,-36.3249741˚00'00",0,GRU,:,grey,1,0.5
-,21h28m10.1571s,-44.9588585˚00'00",0,GRU,-,21h27m42.7327s,-36.4592972˚00'00",0,GRU ,:,grey,1,0.5
-,21h28m28.1679s,-49.4585724˚00'00",0,GRU,-,21h28m10.1571s,-44.9588585˚00'00",0,GRU ,:,grey,1,0.5
-,22h07m59.7180s,-49.3911743˚00'00",0,GRU,-,21h28m28.1679s,-49.4585724˚00'00",0,GRU ,:,grey,1,0.5
-,22h08m27.2868s,-56.3908348˚00'00",0,GRU,-,22h07m59.7180s,-49.3911743˚00'00",0,GRU ,:,grey,1,0.5
-,23h27m04.4453s,-56.3126869˚00'00",0,GRU,-,22h08m27.2868s,-56.3908348˚00'00",0,GRU ,:,grey,1,0.5
-,23h26m46.2491s,-39.3127594˚00'00",0,GRU,-,23h27m04.4453s,-56.3126869˚00'00",0,GRU ,:,grey,1,0.5
-,23h26m44.0106s,-36.3127670˚00'00",0,GRU,-,23h26m46.2491s,-39.3127594˚00'00",0,GRU ,:,grey,1,0.5
-,23h06m54.6033s,-36.3249741˚00'00",0,GRU,-,23h26m44.0106s,-36.3127670˚00'00",0,GRU ,:,grey,1,0.5
