Name1,Right Ascension1,Declination1,Apparent Magnitude1,Constellation1,Name2,Right Ascension2,Declination2,Apparent Magnitude2,Constellation2,linestyle,color,width,alpha
-,20h29m50.1123s,-56.5885773˚00'00",0,TEL,-,18h10m41.3407s,-56.9837723˚00'00",0,TEL,:,grey,1,0.5 
-,20h28m40.6308s,-45.0900002˚00'00",0,TEL,-,20h29m50.1123s,-56.5885773˚00'00",0,TEL ,:,grey,1,0.5 
-,19h19m04.7136s,-45.2775650˚00'00",0,TEL,-,20h28m40.6308s,-45.0900002˚00'00",0,TEL ,:,grey,1,0.5 
-,18h09m14.1642s,-45.4859734˚00'00",0,TEL,-,19h19m04.7136s,-45.2775650˚00'00",0,TEL ,:,grey,1,0.5 
-,18h10m41.3407s,-56.9837723˚00'00",0,TEL,-,18h09m14.1642s,-45.4859734˚00'00",0,TEL ,:,grey,1,0.5 
